Graph Name,Density,Node Count,Edge Count,DFS Time (ms),BFS Time (ms),Start Node
/home/kate/Documents/Grado IE/Q4/Comparativa-BFS-DFS/app/build/generator/resources/graph_198.txt,0.006301933377019885,1423,12752,1.35,1.451,493
/home/kate/Documents/Grado IE/Q4/Comparativa-BFS-DFS/app/build/generator/resources/graph_8.txt,0.0077310999375204545,1160,10394,1.098,1.18,767
/home/kate/Documents/Grado IE/Q4/Comparativa-BFS-DFS/app/build/generator/resources/graph_439.txt,0.008496779951104616,1058,9502,1.006,1.093,442
/home/kate/Documents/Grado IE/Q4/Comparativa-BFS-DFS/app/build/generator/resources/graph_425.txt,0.008107211873806502,1107,9926,1.055,1.144,708
/home/kate/Documents/Grado IE/Q4/Comparativa-BFS-DFS/app/build/generator/resources/graph_280.txt,0.007045661845460806,1270,11355,1.208,1.313,626
/home/kate/Documents/Grado IE/Q4/Comparativa-BFS-DFS/app/build/generator/resources/graph_383.txt,0.0060253378744820705,1488,13332,1.406,1.524,1448
/home/kate/Documents/Grado IE/Q4/Comparativa-BFS-DFS/app/build/generator/resources/graph_394.txt,0.00847864600663687,1055,9428,1.003,1.084,35
/home/kate/Documents/Grado IE/Q4/Comparativa-BFS-DFS/app/build/generator/resources/graph_231.txt,0.007803104780630558,1146,10239,1.082,1.178,1046
/home/kate/Documents/Grado IE/Q4/Comparativa-BFS-DFS/app/build/generator/resources/graph_365.txt,0.0060307320238839794,1487,13326,1.402,1.518,1223
/home/kate/Documents/Grado IE/Q4/Comparativa-BFS-DFS/app/build/generator/resources/graph_177.txt,0.0064546828755027656,1397,12588,1.309,1.432,51
/home/kate/Documents/Grado IE/Q4/Comparativa-BFS-DFS/app/build/generator/resources/graph_498.txt,0.00600437023826496,1494,13393,1.41,1.543,1263
/home/kate/Documents/Grado IE/Q4/Comparativa-BFS-DFS/app/build/generator/resources/graph_316.txt,0.006707371773307318,1336,11963,1.262,1.368,315
/home/kate/Documents/Grado IE/Q4/Comparativa-BFS-DFS/app/build/generator/resources/graph_199.txt,0.006714735914962307,1339,12030,1.281,1.375,67
/home/kate/Documents/Grado IE/Q4/Comparativa-BFS-DFS/app/build/generator/resources/graph_389.txt,0.006359402472789095,1413,12688,1.337,1.45,625
/home/kate/Documents/Grado IE/Q4/Comparativa-BFS-DFS/app/build/generator/resources/graph_168.txt,0.006806120339099869,1320,11850,1.239,1.356,970
/home/kate/Documents/Grado IE/Q4/Comparativa-BFS-DFS/app/build/generator/resources/graph_225.txt,0.008759527439024391,1025,9194,0.977,1.074,471
/home/kate/Documents/Grado IE/Q4/Comparativa-BFS-DFS/app/build/generator/resources/graph_43.txt,0.00783440515934615,1148,10316,1.089,1.192,727
/home/kate/Documents/Grado IE/Q4/Comparativa-BFS-DFS/app/build/generator/resources/graph_465.txt,0.008562366906800779,1051,9449,1.002,1.101,725
/home/kate/Documents/Grado IE/Q4/Comparativa-BFS-DFS/app/build/generator/resources/graph_301.txt,0.00704763742707421,1272,11394,1.202,1.306,694
/home/kate/Documents/Grado IE/Q4/Comparativa-BFS-DFS/app/build/generator/resources/graph_45.txt,0.0084225175946234,1066,9562,1.023,1.107,632
/home/kate/Documents/Grado IE/Q4/Comparativa-BFS-DFS/app/build/generator/resources/graph_412.txt,0.008114679514909231,1099,9792,1.056,1.14,345
/home/kate/Documents/Grado IE/Q4/Comparativa-BFS-DFS/app/build/generator/resources/graph_123.txt,0.008347394280618623,1070,9548,1.014,1.098,196
/home/kate/Documents/Grado IE/Q4/Comparativa-BFS-DFS/app/build/generator/resources/graph_464.txt,0.006753322076863476,1337,12063,1.275,1.372,681
/home/kate/Documents/Grado IE/Q4/Comparativa-BFS-DFS/app/build/generator/resources/graph_182.txt,0.0069301857183017394,1299,11685,1.223,1.326,649
/home/kate/Documents/Grado IE/Q4/Comparativa-BFS-DFS/app/build/generator/resources/graph_27.txt,0.006954492696098773,1290,11564,1.205,1.33,425
/home/kate/Documents/Grado IE/Q4/Comparativa-BFS-DFS/app/build/generator/resources/graph_314.txt,0.0087890625,1024,9207,0.987,1.071,155
/home/kate/Documents/Grado IE/Q4/Comparativa-BFS-DFS/app/build/generator/resources/graph_441.txt,0.006762388795397047,1333,12007,1.265,1.372,50
/home/kate/Documents/Grado IE/Q4/Comparativa-BFS-DFS/app/build/generator/resources/graph_305.txt,0.007955979526090126,1130,10150,1.077,1.169,868
/home/kate/Documents/Grado IE/Q4/Comparativa-BFS-DFS/app/build/generator/resources/graph_453.txt,0.006239362252220819,1439,12911,1.36,1.459,343
/home/kate/Documents/Grado IE/Q4/Comparativa-BFS-DFS/app/build/generator/resources/graph_456.txt,0.008587837674632063,1038,9244,0.992,1.078,529
/home/kate/Documents/Grado IE/Q4/Comparativa-BFS-DFS/app/build/generator/resources/graph_275.txt,0.007985803016858917,1128,10152,1.073,1.169,974
/home/kate/Documents/Grado IE/Q4/Comparativa-BFS-DFS/app/build/generator/resources/graph_431.txt,0.008700324241489829,1035,9311,0.985,1.072,540
/home/kate/Documents/Grado IE/Q4/Comparativa-BFS-DFS/app/build/generator/resources/graph_396.txt,0.007833776429544616,1139,10154,1.073,1.176,1088
/home/kate/Documents/Grado IE/Q4/Comparativa-BFS-DFS/app/build/generator/resources/graph_435.txt,0.007073899796546298,1264,11293,1.195,1.297,257
/home/kate/Documents/Grado IE/Q4/Comparativa-BFS-DFS/app/build/generator/resources/graph_291.txt,0.006987492806724893,1284,11511,1.218,1.311,908
/home/kate/Documents/Grado IE/Q4/Comparativa-BFS-DFS/app/build/generator/resources/graph_446.txt,0.008430407003424054,1065,9553,1.014,1.096,668
/home/kate/Documents/Grado IE/Q4/Comparativa-BFS-DFS/app/build/generator/resources/graph_200.txt,0.007178942786117147,1254,11280,1.19,1.282,627
/home/kate/Documents/Grado IE/Q4/Comparativa-BFS-DFS/app/build/generator/resources/graph_196.txt,0.007177033492822967,1255,11295,1.186,1.285,592
/home/kate/Documents/Grado IE/Q4/Comparativa-BFS-DFS/app/build/generator/resources/graph_293.txt,0.008867964780264536,1016,9145,0.967,1.048,791
/home/kate/Documents/Grado IE/Q4/Comparativa-BFS-DFS/app/build/generator/resources/graph_390.txt,0.007758446060005852,1155,10341,1.093,1.189,329
/home/kate/Documents/Grado IE/Q4/Comparativa-BFS-DFS/app/build/generator/resources/graph_6.txt,0.006403618365117233,1402,12578,1.321,1.43,479
/home/kate/Documents/Grado IE/Q4/Comparativa-BFS-DFS/app/build/generator/resources/graph_274.txt,0.008759303165807667,1022,9140,0.971,1.054,489
/home/kate/Documents/Grado IE/Q4/Comparativa-BFS-DFS/app/build/generator/resources/graph_472.txt,0.007046510912057131,1275,11446,1.205,1.316,769
/home/kate/Documents/Grado IE/Q4/Comparativa-BFS-DFS/app/build/generator/resources/graph_402.txt,0.008164917816566912,1095,9781,1.042,1.131,897
/home/kate/Documents/Grado IE/Q4/Comparativa-BFS-DFS/app/build/generator/resources/graph_97.txt,0.007219852395278511,1244,11164,1.183,1.287,101
/home/kate/Documents/Grado IE/Q4/Comparativa-BFS-DFS/app/build/generator/resources/graph_481.txt,0.0069147362706162025,1298,11641,1.233,1.327,814
/home/kate/Documents/Grado IE/Q4/Comparativa-BFS-DFS/app/build/generator/resources/graph_467.txt,0.00647892019733175,1386,12437,1.309,1.43,734
/home/kate/Documents/Grado IE/Q4/Comparativa-BFS-DFS/app/build/generator/resources/graph_173.txt,0.008095394016977292,1103,9840,1.042,1.143,150
/home/kate/Documents/Grado IE/Q4/Comparativa-BFS-DFS/app/build/generator/resources/graph_261.txt,0.007119654044351066,1253,11169,1.179,1.279,1160
/home/kate/Documents/Grado IE/Q4/Comparativa-BFS-DFS/app/build/generator/resources/graph_135.txt,0.008799330825862112,1018,9110,0.966,1.052,846
/home/kate/Documents/Grado IE/Q4/Comparativa-BFS-DFS/app/build/generator/resources/graph_205.txt,0.007247588164079284,1238,11099,1.169,1.273,814
/home/kate/Documents/Grado IE/Q4/Comparativa-BFS-DFS/app/build/generator/resources/graph_136.txt,0.008747254916475437,1027,9217,0.977,1.061,199
/home/kate/Documents/Grado IE/Q4/Comparativa-BFS-DFS/app/build/generator/resources/graph_348.txt,0.007454325915660101,1203,10779,1.137,1.229,233
/home/kate/Documents/Grado IE/Q4/Comparativa-BFS-DFS/app/build/generator/resources/graph_152.txt,0.006667619579477361,1344,12035,1.274,1.373,1277
/home/kate/Documents/Grado IE/Q4/Comparativa-BFS-DFS/app/build/generator/resources/graph_304.txt,0.006098019680264508,1477,13294,1.393,1.505,758
/home/kate/Documents/Grado IE/Q4/Comparativa-BFS-DFS/app/build/generator/resources/graph_436.txt,0.008860049338697254,1012,9065,0.962,1.043,85
/home/kate/Documents/Grado IE/Q4/Comparativa-BFS-DFS/app/build/generator/resources/graph_235.txt,0.006302295804424858,1420,12699,1.344,1.443,1186
/home/kate/Documents/Grado IE/Q4/Comparativa-BFS-DFS/app/build/generator/resources/graph_246.txt,0.00601737520434728,1498,13494,1.423,1.54,260
/home/kate/Documents/Grado IE/Q4/Comparativa-BFS-DFS/app/build/generator/resources/graph_442.txt,0.006286349389300856,1429,12828,1.349,1.454,283
/home/kate/Documents/Grado IE/Q4/Comparativa-BFS-DFS/app/build/generator/resources/graph_156.txt,0.007579282913882782,1186,10652,1.133,1.226,399
/home/kate/Documents/Grado IE/Q4/Comparativa-BFS-DFS/app/build/generator/resources/graph_450.txt,0.006847485697957185,1310,11742,1.222,1.331,623
/home/kate/Documents/Grado IE/Q4/Comparativa-BFS-DFS/app/build/generator/resources/graph_315.txt,0.007412083449918447,1211,10861,1.14,1.24,323
/home/kate/Documents/Grado IE/Q4/Comparativa-BFS-DFS/app/build/generator/resources/graph_333.txt,0.007183310751165035,1249,11197,1.183,1.276,927
/home/kate/Documents/Grado IE/Q4/Comparativa-BFS-DFS/app/build/generator/resources/graph_24.txt,0.006271007111045496,1426,12743,1.338,1.455,1154
/home/kate/Documents/Grado IE/Q4/Comparativa-BFS-DFS/app/build/generator/resources/graph_259.txt,0.006768415888796265,1323,11838,1.257,1.356,580
/home/kate/Documents/Grado IE/Q4/Comparativa-BFS-DFS/app/build/generator/resources/graph_360.txt,0.008682470714484043,1033,9256,0.98,1.058,624
/home/kate/Documents/Grado IE/Q4/Comparativa-BFS-DFS/app/build/generator/resources/graph_284.txt,0.007081996868491859,1257,11181,1.174,1.281,690
/home/kate/Documents/Grado IE/Q4/Comparativa-BFS-DFS/app/build/generator/resources/graph_474.txt,0.0067981097882687585,1321,11854,1.251,1.342,675
/home/kate/Documents/Grado IE/Q4/Comparativa-BFS-DFS/app/build/generator/resources/graph_421.txt,0.00837291872417966,1073,9631,1.024,1.108,389
/home/kate/Documents/Grado IE/Q4/Comparativa-BFS-DFS/app/build/generator/resources/graph_376.txt,0.008186681331866813,1096,9825,1.041,1.122,285
/home/kate/Documents/Grado IE/Q4/Comparativa-BFS-DFS/app/build/generator/resources/graph_285.txt,0.00855862260037767,1048,9391,0.996,1.08,578
/home/kate/Documents/Grado IE/Q4/Comparativa-BFS-DFS/app/build/generator/resources/graph_10.txt,0.006460633125352142,1385,12384,1.307,1.393,965
/home/kate/Documents/Grado IE/Q4/Comparativa-BFS-DFS/app/build/generator/resources/graph_171.txt,0.007820043062743172,1151,10351,1.096,1.185,977
/home/kate/Documents/Grado IE/Q4/Comparativa-BFS-DFS/app/build/generator/resources/graph_270.txt,0.008257723186830776,1090,9802,1.032,1.117,29
/home/kate/Documents/Grado IE/Q4/Comparativa-BFS-DFS/app/build/generator/resources/graph_289.txt,0.00865970450029663,1031,9196,0.98,1.06,354
/home/kate/Documents/Grado IE/Q4/Comparativa-BFS-DFS/app/build/generator/resources/graph_71.txt,0.008197271716978408,1092,9766,1.033,1.12,658
/home/kate/Documents/Grado IE/Q4/Comparativa-BFS-DFS/app/build/generator/resources/graph_161.txt,0.007934172982716672,1134,10194,1.087,1.165,853
/home/kate/Documents/Grado IE/Q4/Comparativa-BFS-DFS/app/build/generator/resources/graph_380.txt,0.008696007030450734,1027,9163,0.969,1.046,204
/home/kate/Documents/Grado IE/Q4/Comparativa-BFS-DFS/app/build/generator/resources/graph_250.txt,0.007038579945269742,1280,11523,1.212,1.307,656
/home/kate/Documents/Grado IE/Q4/Comparativa-BFS-DFS/app/build/generator/resources/graph_222.txt,0.006427542256322471,1399,12571,1.314,1.428,406
/home/kate/Documents/Grado IE/Q4/Comparativa-BFS-DFS/app/build/generator/resources/graph_68.txt,0.007120244272521214,1266,11403,1.212,1.301,1256
/home/kate/Documents/Grado IE/Q4/Comparativa-BFS-DFS/app/build/generator/resources/graph_125.txt,0.007498540107235759,1197,10735,1.141,1.224,177
/home/kate/Documents/Grado IE/Q4/Comparativa-BFS-DFS/app/build/generator/resources/graph_331.txt,0.006510195300611823,1381,12407,1.301,1.409,101
/home/kate/Documents/Grado IE/Q4/Comparativa-BFS-DFS/app/build/generator/resources/graph_374.txt,0.006452030600141916,1390,12457,1.317,1.412,330
/home/kate/Documents/Grado IE/Q4/Comparativa-BFS-DFS/app/build/generator/resources/graph_44.txt,0.008876697790385073,1013,9100,0.961,1.04,37
/home/kate/Documents/Grado IE/Q4/Comparativa-BFS-DFS/app/build/generator/resources/graph_469.txt,0.006964653703784139,1288,11545,1.215,1.304,588
/home/kate/Documents/Grado IE/Q4/Comparativa-BFS-DFS/app/build/generator/resources/graph_66.txt,0.008229781102873533,1088,9733,1.029,1.124,671
/home/kate/Documents/Grado IE/Q4/Comparativa-BFS-DFS/app/build/generator/resources/graph_113.txt,0.0062480252305270765,1437,12893,1.352,1.458,333
/home/kate/Documents/Grado IE/Q4/Comparativa-BFS-DFS/app/build/generator/resources/graph_110.txt,0.00782457335301018,1150,10339,1.089,1.175,204
/home/kate/Documents/Grado IE/Q4/Comparativa-BFS-DFS/app/build/generator/resources/graph_308.txt,0.00665243137100548,1353,12169,1.286,1.386,885
/home/kate/Documents/Grado IE/Q4/Comparativa-BFS-DFS/app/build/generator/resources/graph_407.txt,0.008470666379434152,1056,9437,1.012,1.085,91
/home/kate/Documents/Grado IE/Q4/Comparativa-BFS-DFS/app/build/generator/resources/graph_375.txt,0.0066952001080609206,1339,11995,1.244,1.376,1223
/home/kate/Documents/Grado IE/Q4/Comparativa-BFS-DFS/app/build/generator/resources/graph_460.txt,0.007630664840277657,1177,10562,1.11,1.202,145
/home/kate/Documents/Grado IE/Q4/Comparativa-BFS-DFS/app/build/generator/resources/graph_36.txt,0.005979063924236095,1499,13426,1.411,1.527,858
/home/kate/Documents/Grado IE/Q4/Comparativa-BFS-DFS/app/build/generator/resources/graph_445.txt,0.008652669152206617,1035,9260,0.982,1.065,245
/home/kate/Documents/Grado IE/Q4/Comparativa-BFS-DFS/app/build/generator/resources/graph_296.txt,0.00769346887611865,1163,10397,1.097,1.205,767
/home/kate/Documents/Grado IE/Q4/Comparativa-BFS-DFS/app/build/generator/resources/graph_372.txt,0.007005595191555903,1280,11469,1.21,1.303,884
/home/kate/Documents/Grado IE/Q4/Comparativa-BFS-DFS/app/build/generator/resources/graph_90.txt,0.008369392533132656,1072,9609,1.013,1.096,50
/home/kate/Documents/Grado IE/Q4/Comparativa-BFS-DFS/app/build/generator/resources/graph_329.txt,0.008823358287110663,1016,9099,0.969,1.047,300
/home/kate/Documents/Grado IE/Q4/Comparativa-BFS-DFS/app/build/generator/resources/graph_239.txt,0.00790693185515192,1134,10159,1.067,1.16,881
/home/kate/Documents/Grado IE/Q4/Comparativa-BFS-DFS/app/build/generator/resources/graph_140.txt,0.008173419212317602,1097,9827,1.037,1.122,83
/home/kate/Documents/Grado IE/Q4/Comparativa-BFS-DFS/app/build/generator/resources/graph_336.txt,0.007839601343538352,1144,10251,1.077,1.175,162
/home/kate/Documents/Grado IE/Q4/Comparativa-BFS-DFS/app/build/generator/resources/graph_241.txt,0.006350943422482111,1419,12779,1.34,1.44,1177
/home/kate/Documents/Grado IE/Q4/Comparativa-BFS-DFS/app/build/generator/resources/graph_408.txt,0.007070530188025418,1274,11467,1.209,1.31,1179
/home/kate/Documents/Grado IE/Q4/Comparativa-BFS-DFS/app/build/generator/resources/graph_366.txt,0.0064706182226009195,1387,12439,1.315,1.423,892
/home/kate/Documents/Grado IE/Q4/Comparativa-BFS-DFS/app/build/generator/resources/graph_413.txt,0.007703274769143033,1170,10536,1.103,1.2,952
/home/kate/Documents/Grado IE/Q4/Comparativa-BFS-DFS/app/build/generator/resources/graph_89.txt,0.008486939361574209,1064,9599,1.015,1.093,1042
/home/kate/Documents/Grado IE/Q4/Comparativa-BFS-DFS/app/build/generator/resources/graph_59.txt,0.007944958508439653,1129,10118,1.066,1.154,1027
/home/kate/Documents/Grado IE/Q4/Comparativa-BFS-DFS/app/build/generator/resources/graph_393.txt,0.006664849484097436,1344,12030,1.268,1.378,773
/home/kate/Documents/Grado IE/Q4/Comparativa-BFS-DFS/app/build/generator/resources/graph_142.txt,0.006177017626682896,1453,13032,1.372,1.483,1416
/home/kate/Documents/Grado IE/Q4/Comparativa-BFS-DFS/app/build/generator/resources/graph_21.txt,0.007428337462095763,1207,10813,1.144,1.242,1127
/home/kate/Documents/Grado IE/Q4/Comparativa-BFS-DFS/app/build/generator/resources/graph_310.txt,0.0068859903891851934,1306,11736,1.242,1.342,1139
/home/kate/Documents/Grado IE/Q4/Comparativa-BFS-DFS/app/build/generator/resources/graph_313.txt,0.007380595943645797,1210,10797,1.146,1.237,947
/home/kate/Documents/Grado IE/Q4/Comparativa-BFS-DFS/app/build/generator/resources/graph_471.txt,0.006211144452899539,1446,12978,1.361,1.47,331
/home/kate/Documents/Grado IE/Q4/Comparativa-BFS-DFS/app/build/generator/resources/graph_483.txt,0.00794260281803391,1129,10115,1.074,1.183,712
/home/kate/Documents/Grado IE/Q4/Comparativa-BFS-DFS/app/build/generator/resources/graph_209.txt,0.006314566064216196,1417,12670,1.326,1.429,335
/home/kate/Documents/Grado IE/Q4/Comparativa-BFS-DFS/app/build/generator/resources/graph_164.txt,0.007046446022123741,1273,11410,1.198,1.303,626
/home/kate/Documents/Grado IE/Q4/Comparativa-BFS-DFS/app/build/generator/resources/graph_237.txt,0.006219918082200809,1437,12835,1.355,1.472,492
/home/kate/Documents/Grado IE/Q4/Comparativa-BFS-DFS/app/build/generator/resources/graph_197.txt,0.006996297807728648,1278,11418,1.21,1.3,1017
/home/kate/Documents/Grado IE/Q4/Comparativa-BFS-DFS/app/build/generator/resources/graph_4.txt,0.00727539740816448,1230,10998,1.168,1.275,98
/home/kate/Documents/Grado IE/Q4/Comparativa-BFS-DFS/app/build/generator/resources/graph_281.txt,0.007543781636645447,1187,10620,1.135,1.223,1104
/home/kate/Documents/Grado IE/Q4/Comparativa-BFS-DFS/app/build/generator/resources/graph_417.txt,0.007302486330614917,1229,11021,1.165,1.267,132
/home/kate/Documents/Grado IE/Q4/Comparativa-BFS-DFS/app/build/generator/resources/graph_127.txt,0.007816937990030044,1148,10293,1.092,1.179,9
/home/kate/Documents/Grado IE/Q4/Comparativa-BFS-DFS/app/build/generator/resources/graph_60.txt,0.0072360201048702315,1244,11189,1.196,1.287,403
/home/kate/Documents/Grado IE/Q4/Comparativa-BFS-DFS/app/build/generator/resources/graph_105.txt,0.008687095391694674,1032,9243,0.98,1.06,770
/home/kate/Documents/Grado IE/Q4/Comparativa-BFS-DFS/app/build/generator/resources/graph_272.txt,0.00737424193199047,1216,10895,1.138,1.238,1114
/home/kate/Documents/Grado IE/Q4/Comparativa-BFS-DFS/app/build/generator/resources/graph_491.txt,0.006274886654839345,1425,12733,1.344,1.464,779
/home/kate/Documents/Grado IE/Q4/Comparativa-BFS-DFS/app/build/generator/resources/graph_317.txt,0.008792871585624569,1023,9193,0.966,1.06,124
/home/kate/Documents/Grado IE/Q4/Comparativa-BFS-DFS/app/build/generator/resources/graph_5.txt,0.008307693880262902,1084,9753,1.029,1.128,428
/home/kate/Documents/Grado IE/Q4/Comparativa-BFS-DFS/app/build/generator/resources/graph_395.txt,0.007647784419774172,1171,10478,1.105,1.196,427
/home/kate/Documents/Grado IE/Q4/Comparativa-BFS-DFS/app/build/generator/resources/graph_358.txt,0.007302992975330426,1226,10968,1.156,1.254,1108
/home/kate/Documents/Grado IE/Q4/Comparativa-BFS-DFS/app/build/generator/resources/graph_213.txt,0.006378390510362231,1407,12618,1.335,1.446,120
/home/kate/Documents/Grado IE/Q4/Comparativa-BFS-DFS/app/build/generator/resources/graph_350.txt,0.006182261458514032,1457,13115,1.384,1.488,930
/home/kate/Documents/Grado IE/Q4/Comparativa-BFS-DFS/app/build/generator/resources/graph_369.txt,0.008207456123478141,1094,9814,1.051,1.131,118
/home/kate/Documents/Grado IE/Q4/Comparativa-BFS-DFS/app/build/generator/resources/graph_230.txt,0.006615973549148629,1357,12174,1.279,1.39,828
/home/kate/Documents/Grado IE/Q4/Comparativa-BFS-DFS/app/build/generator/resources/graph_361.txt,0.007723029437795479,1162,10419,1.107,1.192,949
/home/kate/Documents/Grado IE/Q4/Comparativa-BFS-DFS/app/build/generator/resources/graph_297.txt,0.006121985894425844,1470,13220,1.389,1.516,455
/home/kate/Documents/Grado IE/Q4/Comparativa-BFS-DFS/app/build/generator/resources/graph_98.txt,0.006240787144443058,1438,12896,1.349,1.46,1069
/home/kate/Documents/Grado IE/Q4/Comparativa-BFS-DFS/app/build/generator/resources/graph_133.txt,0.006720851490735806,1337,12005,1.257,1.366,788
/home/kate/Documents/Grado IE/Q4/Comparativa-BFS-DFS/app/build/generator/resources/graph_94.txt,0.007120854703647522,1262,11332,1.2,1.293,786
/home/kate/Documents/Grado IE/Q4/Comparativa-BFS-DFS/app/build/generator/resources/graph_457.txt,0.006155933412827326,1460,13113,1.385,1.493,62
/home/kate/Documents/Grado IE/Q4/Comparativa-BFS-DFS/app/build/generator/resources/graph_102.txt,0.00870499811819249,1034,9298,0.988,1.05,533
/home/kate/Documents/Grado IE/Q4/Comparativa-BFS-DFS/app/build/generator/resources/graph_249.txt,0.008569558972564287,1048,9403,0.994,1.072,1030
/home/kate/Documents/Grado IE/Q4/Comparativa-BFS-DFS/app/build/generator/resources/graph_473.txt,0.006410745941608857,1402,12592,1.323,1.418,502
/home/kate/Documents/Grado IE/Q4/Comparativa-BFS-DFS/app/build/generator/resources/graph_233.txt,0.006432980490344332,1392,12456,1.296,1.411,727
/home/kate/Documents/Grado IE/Q4/Comparativa-BFS-DFS/app/build/generator/resources/graph_91.txt,0.006277528506154036,1429,12810,1.334,1.451,1091
/home/kate/Documents/Grado IE/Q4/Comparativa-BFS-DFS/app/build/generator/resources/graph_432.txt,0.00802135197242436,1120,10053,1.062,1.153,555
/home/kate/Documents/Grado IE/Q4/Comparativa-BFS-DFS/app/build/generator/resources/graph_38.txt,0.008084246356770556,1106,9880,1.055,1.135,1033
/home/kate/Documents/Grado IE/Q4/Comparativa-BFS-DFS/app/build/generator/resources/graph_207.txt,0.007855459544383346,1140,10200,1.08,1.161,1015
/home/kate/Documents/Grado IE/Q4/Comparativa-BFS-DFS/app/build/generator/resources/graph_338.txt,0.00636142362343251,1415,12728,1.339,1.441,531
/home/kate/Documents/Grado IE/Q4/Comparativa-BFS-DFS/app/build/generator/resources/graph_405.txt,0.007807199788463718,1151,10334,1.082,1.167,294
/home/kate/Documents/Grado IE/Q4/Comparativa-BFS-DFS/app/build/generator/resources/graph_204.txt,0.006191089304814368,1447,12954,1.354,1.482,655
/home/kate/Documents/Grado IE/Q4/Comparativa-BFS-DFS/app/build/generator/resources/graph_172.txt,0.006919372452602746,1295,11595,1.215,1.324,1135
/home/kate/Documents/Grado IE/Q4/Comparativa-BFS-DFS/app/build/generator/resources/graph_14.txt,0.00739312441440101,1222,11031,1.151,1.25,88
/home/kate/Documents/Grado IE/Q4/Comparativa-BFS-DFS/app/build/generator/resources/graph_286.txt,0.007322968339048507,1226,10998,1.153,1.257,272
/home/kate/Documents/Grado IE/Q4/Comparativa-BFS-DFS/app/build/generator/resources/graph_191.txt,0.00654597768780526,1374,12349,1.296,1.401,1322
/home/kate/Documents/Grado IE/Q4/Comparativa-BFS-DFS/app/build/generator/resources/graph_244.txt,0.007850749354643098,1139,10176,1.073,1.155,50
/home/kate/Documents/Grado IE/Q4/Comparativa-BFS-DFS/app/build/generator/resources/graph_234.txt,0.008151059438475192,1098,9818,1.037,1.118,503
/home/kate/Documents/Grado IE/Q4/Comparativa-BFS-DFS/app/build/generator/resources/graph_34.txt,0.00757707728861575,1184,10613,1.117,1.204,1091
/home/kate/Documents/Grado IE/Q4/Comparativa-BFS-DFS/app/build/generator/resources/graph_320.txt,0.008019660379594588,1118,10015,1.05,1.149,263
/home/kate/Documents/Grado IE/Q4/Comparativa-BFS-DFS/app/build/generator/resources/graph_492.txt,0.006595322407792654,1357,12136,1.273,1.383,1299
/home/kate/Documents/Grado IE/Q4/Comparativa-BFS-DFS/app/build/generator/resources/graph_351.txt,0.007947258459350438,1128,10103,1.069,1.165,32
/home/kate/Documents/Grado IE/Q4/Comparativa-BFS-DFS/app/build/generator/resources/graph_455.txt,0.006107630254280065,1470,13189,1.373,1.498,425
/home/kate/Documents/Grado IE/Q4/Comparativa-BFS-DFS/app/build/generator/resources/graph_184.txt,0.0064613729577086,1391,12493,1.307,1.42,706
/home/kate/Documents/Grado IE/Q4/Comparativa-BFS-DFS/app/build/generator/resources/graph_186.txt,0.006375443450188021,1412,12702,1.319,1.434,1025
/home/kate/Documents/Grado IE/Q4/Comparativa-BFS-DFS/app/build/generator/resources/graph_85.txt,0.007163000492109672,1253,11237,1.18,1.279,832
/home/kate/Documents/Grado IE/Q4/Comparativa-BFS-DFS/app/build/generator/resources/graph_486.txt,0.005978981135175878,1497,13390,1.403,1.53,595
/home/kate/Documents/Grado IE/Q4/Comparativa-BFS-DFS/app/build/generator/resources/graph_122.txt,0.0073843567162256525,1215,10892,1.145,1.247,994
/home/kate/Documents/Grado IE/Q4/Comparativa-BFS-DFS/app/build/generator/resources/graph_288.txt,0.006332140394324228,1410,12580,1.318,1.429,51
/home/kate/Documents/Grado IE/Q4/Comparativa-BFS-DFS/app/build/generator/resources/graph_206.txt,0.006099351964058759,1472,13207,1.387,1.486,319
/home/kate/Documents/Grado IE/Q4/Comparativa-BFS-DFS/app/build/generator/resources/graph_159.txt,0.0074746115514812556,1195,10665,1.122,1.228,1091
/home/kate/Documents/Grado IE/Q4/Comparativa-BFS-DFS/app/build/generator/resources/graph_62.txt,0.006275078260835475,1429,12805,1.338,1.456,1081
/home/kate/Documents/Grado IE/Q4/Comparativa-BFS-DFS/app/build/generator/resources/graph_397.txt,0.007205064237689119,1246,11177,1.173,1.265,1198
/home/kate/Documents/Grado IE/Q4/Comparativa-BFS-DFS/app/build/generator/resources/graph_41.txt,0.008089326925078836,1118,10102,1.07,1.141,816
/home/kate/Documents/Grado IE/Q4/Comparativa-BFS-DFS/app/build/generator/resources/graph_211.txt,0.005984696869977121,1495,13367,1.411,1.505,1083
/home/kate/Documents/Grado IE/Q4/Comparativa-BFS-DFS/app/build/generator/resources/graph_495.txt,0.007696562099022167,1165,10437,1.094,1.192,966
/home/kate/Documents/Grado IE/Q4/Comparativa-BFS-DFS/app/build/generator/resources/graph_461.txt,0.00802553276910425,1112,9915,1.043,1.132,568
/home/kate/Documents/Grado IE/Q4/Comparativa-BFS-DFS/app/build/generator/resources/graph_499.txt,0.007610614388840253,1181,10606,1.123,1.213,415
/home/kate/Documents/Grado IE/Q4/Comparativa-BFS-DFS/app/build/generator/resources/graph_489.txt,0.007082436463879763,1261,11253,1.181,1.288,612
/home/kate/Documents/Grado IE/Q4/Comparativa-BFS-DFS/app/build/generator/resources/graph_28.txt,0.006067146216703927,1474,13173,1.379,1.498,771
/home/kate/Documents/Grado IE/Q4/Comparativa-BFS-DFS/app/build/generator/resources/graph_183.txt,0.008011078611877819,1124,10112,1.069,1.155,473
/home/kate/Documents/Grado IE/Q4/Comparativa-BFS-DFS/app/build/generator/resources/graph_25.txt,0.007450918661264889,1204,10792,1.126,1.239,666
/home/kate/Documents/Grado IE/Q4/Comparativa-BFS-DFS/app/build/generator/resources/graph_267.txt,0.006567210335211913,1370,12317,1.29,1.407,1301
/home/kate/Documents/Grado IE/Q4/Comparativa-BFS-DFS/app/build/generator/resources/graph_403.txt,0.008270140279192973,1083,9691,1.026,1.119,528
/home/kate/Documents/Grado IE/Q4/Comparativa-BFS-DFS/app/build/generator/resources/graph_56.txt,0.0062341127337792275,1442,12954,1.359,1.488,1317
/home/kate/Documents/Grado IE/Q4/Comparativa-BFS-DFS/app/build/generator/resources/graph_429.txt,0.007672226892615371,1165,10404,1.103,1.188,561
/home/kate/Documents/Grado IE/Q4/Comparativa-BFS-DFS/app/build/generator/resources/graph_146.txt,0.006369891628789595,1410,12655,1.325,1.445,502
/home/kate/Documents/Grado IE/Q4/Comparativa-BFS-DFS/app/build/generator/resources/graph_37.txt,0.008155735310076549,1095,9770,1.029,1.143,869
/home/kate/Documents/Grado IE/Q4/Comparativa-BFS-DFS/app/build/generator/resources/graph_42.txt,0.006164377765931341,1459,13113,1.373,1.498,70
/home/kate/Documents/Grado IE/Q4/Comparativa-BFS-DFS/app/build/generator/resources/graph_265.txt,0.006482022495356942,1385,12425,1.309,1.42,665
/home/kate/Documents/Grado IE/Q4/Comparativa-BFS-DFS/app/build/generator/resources/graph_355.txt,0.008652669152206617,1035,9260,0.99,1.07,408
/home/kate/Documents/Grado IE/Q4/Comparativa-BFS-DFS/app/build/generator/resources/graph_367.txt,0.007322929171668668,1225,10980,1.162,1.274,961
/home/kate/Documents/Grado IE/Q4/Comparativa-BFS-DFS/app/build/generator/resources/graph_256.txt,0.008944282689779268,1004,9007,0.966,1.045,658
/home/kate/Documents/Grado IE/Q4/Comparativa-BFS-DFS/app/build/generator/resources/graph_75.txt,0.007425028539398041,1210,10862,1.158,1.24,868
/home/kate/Documents/Grado IE/Q4/Comparativa-BFS-DFS/app/build/generator/resources/graph_145.txt,0.008935402667935225,1005,9016,0.961,1.028,760
/home/kate/Documents/Grado IE/Q4/Comparativa-BFS-DFS/app/build/generator/resources/graph_475.txt,0.006270764281726651,1432,12850,1.35,1.462,5
/home/kate/Documents/Grado IE/Q4/Comparativa-BFS-DFS/app/build/generator/resources/graph_22.txt,0.00825602750442347,1092,9836,1.029,1.132,463
/home/kate/Documents/Grado IE/Q4/Comparativa-BFS-DFS/app/build/generator/resources/graph_162.txt,0.006524088656050514,1371,12254,1.291,1.406,582
/home/kate/Documents/Grado IE/Q4/Comparativa-BFS-DFS/app/build/generator/resources/graph_255.txt,0.007461933076349614,1203,10790,1.14,1.234,389
/home/kate/Documents/Grado IE/Q4/Comparativa-BFS-DFS/app/build/generator/resources/graph_126.txt,0.006062864511244395,1483,13325,1.392,1.521,607
/home/kate/Documents/Grado IE/Q4/Comparativa-BFS-DFS/app/build/generator/resources/graph_287.txt,0.006257703842458242,1436,12895,1.352,1.461,449
/home/kate/Documents/Grado IE/Q4/Comparativa-BFS-DFS/app/build/generator/resources/graph_154.txt,0.00820668844692559,1097,9867,1.054,1.133,1007
/home/kate/Documents/Grado IE/Q4/Comparativa-BFS-DFS/app/build/generator/resources/graph_92.txt,0.007370857699805068,1216,10890,1.15,1.25,791
/home/kate/Documents/Grado IE/Q4/Comparativa-BFS-DFS/app/build/generator/resources/graph_149.txt,0.007269646411982179,1233,11043,1.169,1.273,314
/home/kate/Documents/Grado IE/Q4/Comparativa-BFS-DFS/app/build/generator/resources/graph_479.txt,0.006005649626085377,1492,13360,1.4,1.508,253
/home/kate/Documents/Grado IE/Q4/Comparativa-BFS-DFS/app/build/generator/resources/graph_19.txt,0.00646755176012432,1389,12469,1.307,1.427,557
/home/kate/Documents/Grado IE/Q4/Comparativa-BFS-DFS/app/build/generator/resources/graph_385.txt,0.007167974379503603,1250,11191,1.188,1.275,321
/home/kate/Documents/Grado IE/Q4/Comparativa-BFS-DFS/app/build/generator/resources/graph_482.txt,0.007120291492112222,1253,11170,1.191,1.281,300
/home/kate/Documents/Grado IE/Q4/Comparativa-BFS-DFS/app/build/generator/resources/graph_359.txt,0.008361572946450634,1065,9475,1.009,1.12,651
/home/kate/Documents/Grado IE/Q4/Comparativa-BFS-DFS/app/build/generator/resources/graph_268.txt,0.006714215779596943,1329,11850,1.25,1.353,953
/home/kate/Documents/Grado IE/Q4/Comparativa-BFS-DFS/app/build/generator/resources/graph_119.txt,0.007081038552321007,1271,11430,1.205,1.306,890
/home/kate/Documents/Grado IE/Q4/Comparativa-BFS-DFS/app/build/generator/resources/graph_449.txt,0.0066138469224425395,1359,12206,1.288,1.393,758
/home/kate/Documents/Grado IE/Q4/Comparativa-BFS-DFS/app/build/generator/resources/graph_64.txt,0.008187456696134165,1095,9808,1.043,1.129,191
/home/kate/Documents/Grado IE/Q4/Comparativa-BFS-DFS/app/build/generator/resources/graph_409.txt,0.006317267888823181,1425,12819,1.355,1.469,601
/home/kate/Documents/Grado IE/Q4/Comparativa-BFS-DFS/app/build/generator/resources/graph_318.txt,0.0064336771163075665,1400,12601,1.329,1.437,751
/home/kate/Documents/Grado IE/Q4/Comparativa-BFS-DFS/app/build/generator/resources/graph_328.txt,0.0062868647774308156,1431,12865,1.351,1.459,1093
/home/kate/Documents/Grado IE/Q4/Comparativa-BFS-DFS/app/build/generator/resources/graph_260.txt,0.007210221302545656,1246,11185,1.181,1.287,651
/home/kate/Documents/Grado IE/Q4/Comparativa-BFS-DFS/app/build/generator/resources/graph_264.txt,0.00813152867134481,1102,9866,1.048,1.137,202
/home/kate/Documents/Grado IE/Q4/Comparativa-BFS-DFS/app/build/generator/resources/graph_0.txt,0.00716618127261495,1260,11368,1.199,1.285,1134
/home/kate/Documents/Grado IE/Q4/Comparativa-BFS-DFS/app/build/generator/resources/graph_422.txt,0.0065904929764717506,1358,12145,1.277,1.382,1340
/home/kate/Documents/Grado IE/Q4/Comparativa-BFS-DFS/app/build/generator/resources/graph_290.txt,0.00835197262984796,1072,9589,1.019,1.094,336
/home/kate/Documents/Grado IE/Q4/Comparativa-BFS-DFS/app/build/generator/resources/graph_342.txt,0.006104822090691735,1469,13165,1.38,1.5,1060
/home/kate/Documents/Grado IE/Q4/Comparativa-BFS-DFS/app/build/generator/resources/graph_124.txt,0.00803786166748126,1114,9966,1.052,1.147,201
/home/kate/Documents/Grado IE/Q4/Comparativa-BFS-DFS/app/build/generator/resources/graph_477.txt,0.006460290093219055,1389,12455,1.312,1.424,836
/home/kate/Documents/Grado IE/Q4/Comparativa-BFS-DFS/app/build/generator/resources/graph_434.txt,0.008033829025665346,1114,9961,1.056,1.149,584
/home/kate/Documents/Grado IE/Q4/Comparativa-BFS-DFS/app/build/generator/resources/graph_144.txt,0.008116040574454387,1104,9883,1.045,1.132,97
/home/kate/Documents/Grado IE/Q4/Comparativa-BFS-DFS/app/build/generator/resources/graph_219.txt,0.006323185705148958,1424,12813,1.348,1.452,688
/home/kate/Documents/Grado IE/Q4/Comparativa-BFS-DFS/app/build/generator/resources/graph_47.txt,0.006091531627261726,1473,13208,1.377,1.496,407
/home/kate/Documents/Grado IE/Q4/Comparativa-BFS-DFS/app/build/generator/resources/graph_236.txt,0.007306461915224634,1229,11027,1.16,1.254,436
/home/kate/Documents/Grado IE/Q4/Comparativa-BFS-DFS/app/build/generator/resources/graph_155.txt,0.008991991991991992,1000,8983,0.942,1.032,978
/home/kate/Documents/Grado IE/Q4/Comparativa-BFS-DFS/app/build/generator/resources/graph_72.txt,0.007087680527576495,1264,11315,1.188,1.287,1236
/home/kate/Documents/Grado IE/Q4/Comparativa-BFS-DFS/app/build/generator/resources/graph_23.txt,0.008100677751804643,1107,9918,1.058,1.146,8
/home/kate/Documents/Grado IE/Q4/Comparativa-BFS-DFS/app/build/generator/resources/graph_192.txt,0.006444822574722393,1391,12461,1.301,1.416,219
/home/kate/Documents/Grado IE/Q4/Comparativa-BFS-DFS/app/build/generator/resources/graph_337.txt,0.007515672374921373,1190,10634,1.129,1.21,209
/home/kate/Documents/Grado IE/Q4/Comparativa-BFS-DFS/app/build/generator/resources/graph_257.txt,0.006223587799776977,1446,13004,1.355,1.465,167
/home/kate/Documents/Grado IE/Q4/Comparativa-BFS-DFS/app/build/generator/resources/graph_143.txt,0.006803755719245123,1318,11810,1.236,1.348,889
/home/kate/Documents/Grado IE/Q4/Comparativa-BFS-DFS/app/build/generator/resources/graph_382.txt,0.007874606037842007,1138,10189,1.071,1.166,367
/home/kate/Documents/Grado IE/Q4/Comparativa-BFS-DFS/app/build/generator/resources/graph_330.txt,0.007490964692799555,1200,10778,1.14,1.229,947
/home/kate/Documents/Grado IE/Q4/Comparativa-BFS-DFS/app/build/generator/resources/graph_40.txt,0.008713187516812597,1028,9199,0.975,1.069,760
/home/kate/Documents/Grado IE/Q4/Comparativa-BFS-DFS/app/build/generator/resources/graph_48.txt,0.007172404590338938,1249,11180,1.195,1.284,665
/home/kate/Documents/Grado IE/Q4/Comparativa-BFS-DFS/app/build/generator/resources/graph_83.txt,0.008403049878216669,1065,9522,1.015,1.107,46
/home/kate/Documents/Grado IE/Q4/Comparativa-BFS-DFS/app/build/generator/resources/graph_392.txt,0.007338244646454929,1224,10985,1.157,1.258,205
/home/kate/Documents/Grado IE/Q4/Comparativa-BFS-DFS/app/build/generator/resources/graph_494.txt,0.006002668445630421,1500,13497,1.41,1.546,1221
/home/kate/Documents/Grado IE/Q4/Comparativa-BFS-DFS/app/build/generator/resources/graph_399.txt,0.007984088964655724,1123,10060,1.068,1.164,712
/home/kate/Documents/Grado IE/Q4/Comparativa-BFS-DFS/app/build/generator/resources/graph_245.txt,0.006838786311946478,1311,11745,1.239,1.328,423
/home/kate/Documents/Grado IE/Q4/Comparativa-BFS-DFS/app/build/generator/resources/graph_343.txt,0.006113213216032749,1460,13022,1.366,1.498,570
/home/kate/Documents/Grado IE/Q4/Comparativa-BFS-DFS/app/build/generator/resources/graph_100.txt,0.00808015513897867,1106,9875,1.046,1.144,1000
/home/kate/Documents/Grado IE/Q4/Comparativa-BFS-DFS/app/build/generator/resources/graph_357.txt,0.007255235218419451,1234,11039,1.177,1.285,343
/home/kate/Documents/Grado IE/Q4/Comparativa-BFS-DFS/app/build/generator/resources/graph_476.txt,0.006182618981848212,1442,12847,1.36,1.468,602
/home/kate/Documents/Grado IE/Q4/Comparativa-BFS-DFS/app/build/generator/resources/graph_278.txt,0.00852182967111877,1056,9494,1.012,1.086,366
/home/kate/Documents/Grado IE/Q4/Comparativa-BFS-DFS/app/build/generator/resources/graph_109.txt,0.006814727908309062,1323,11919,1.246,1.348,1219
/home/kate/Documents/Grado IE/Q4/Comparativa-BFS-DFS/app/build/generator/resources/graph_418.txt,0.007944111964859949,1128,10099,1.072,1.16,809
/home/kate/Documents/Grado IE/Q4/Comparativa-BFS-DFS/app/build/generator/resources/graph_55.txt,0.008730172287800536,1027,9199,0.985,1.056,795
/home/kate/Documents/Grado IE/Q4/Comparativa-BFS-DFS/app/build/generator/resources/graph_180.txt,0.008650800325175904,1035,9258,0.994,1.076,733
/home/kate/Documents/Grado IE/Q4/Comparativa-BFS-DFS/app/build/generator/resources/graph_276.txt,0.007846217827272307,1140,10188,1.075,1.167,73
/home/kate/Documents/Grado IE/Q4/Comparativa-BFS-DFS/app/build/generator/resources/graph_201.txt,0.008359134729887854,1077,9687,1.036,1.114,454
/home/kate/Documents/Grado IE/Q4/Comparativa-BFS-DFS/app/build/generator/resources/graph_203.txt,0.008266872991310558,1085,9723,1.047,1.117,580
/home/kate/Documents/Grado IE/Q4/Comparativa-BFS-DFS/app/build/generator/resources/graph_220.txt,0.006351815271096903,1411,12637,1.335,1.446,766
/home/kate/Documents/Grado IE/Q4/Comparativa-BFS-DFS/app/build/generator/resources/graph_345.txt,0.008498261349972376,1053,9414,0.993,1.086,137
/home/kate/Documents/Grado IE/Q4/Comparativa-BFS-DFS/app/build/generator/resources/graph_339.txt,0.007816125532727458,1147,10274,1.091,1.19,1137
/home/kate/Documents/Grado IE/Q4/Comparativa-BFS-DFS/app/build/generator/resources/graph_9.txt,0.006606841855037386,1361,12229,1.287,1.399,1274
/home/kate/Documents/Grado IE/Q4/Comparativa-BFS-DFS/app/build/generator/resources/graph_84.txt,0.00674994483952545,1330,11931,1.259,1.367,1023
/home/kate/Documents/Grado IE/Q4/Comparativa-BFS-DFS/app/build/generator/resources/graph_228.txt,0.007120253164556962,1264,11367,1.199,1.297,911
/home/kate/Documents/Grado IE/Q4/Comparativa-BFS-DFS/app/build/generator/resources/graph_451.txt,0.008230884634487278,1083,9645,1.021,1.108,682
/home/kate/Documents/Grado IE/Q4/Comparativa-BFS-DFS/app/build/generator/resources/graph_86.txt,0.007582788832788833,1184,10621,1.13,1.22,990
/home/kate/Documents/Grado IE/Q4/Comparativa-BFS-DFS/app/build/generator/resources/graph_312.txt,0.006401549913327215,1401,12556,1.323,1.432,230
/home/kate/Documents/Grado IE/Q4/Comparativa-BFS-DFS/app/build/generator/resources/graph_139.txt,0.006550218340611353,1375,12375,1.298,1.41,1176
/home/kate/Documents/Grado IE/Q4/Comparativa-BFS-DFS/app/build/generator/resources/graph_487.txt,0.006435211744338128,1399,12586,1.306,1.432,376
/home/kate/Documents/Grado IE/Q4/Comparativa-BFS-DFS/app/build/generator/resources/graph_269.txt,0.0062259774367625495,1445,12991,1.362,1.473,717
/home/kate/Documents/Grado IE/Q4/Comparativa-BFS-DFS/app/build/generator/resources/graph_31.txt,0.0063271099465007094,1420,12749,1.33,1.455,902
/home/kate/Documents/Grado IE/Q4/Comparativa-BFS-DFS/app/build/generator/resources/graph_378.txt,0.008356400662113477,1073,9612,1.016,1.115,158
/home/kate/Documents/Grado IE/Q4/Comparativa-BFS-DFS/app/build/generator/resources/graph_263.txt,0.007166790529237951,1252,11225,1.174,1.286,940
/home/kate/Documents/Grado IE/Q4/Comparativa-BFS-DFS/app/build/generator/resources/graph_30.txt,0.0066969735468440155,1346,12124,1.282,1.372,464
/home/kate/Documents/Grado IE/Q4/Comparativa-BFS-DFS/app/build/generator/resources/graph_76.txt,0.006248530056532937,1438,12912,1.349,1.461,1202
/home/kate/Documents/Grado IE/Q4/Comparativa-BFS-DFS/app/build/generator/resources/graph_80.txt,0.006693677923985501,1333,11885,1.257,1.37,1190
/home/kate/Documents/Grado IE/Q4/Comparativa-BFS-DFS/app/build/generator/resources/graph_65.txt,0.0063429311128992754,1415,12691,1.339,1.449,1045
/home/kate/Documents/Grado IE/Q4/Comparativa-BFS-DFS/app/build/generator/resources/graph_117.txt,0.006958129927524484,1291,11588,1.227,1.338,1135
/home/kate/Documents/Grado IE/Q4/Comparativa-BFS-DFS/app/build/generator/resources/graph_238.txt,0.006502170204860583,1377,12320,1.297,1.416,654
/home/kate/Documents/Grado IE/Q4/Comparativa-BFS-DFS/app/build/generator/resources/graph_57.txt,0.006544852444004323,1371,12293,1.298,1.401,293
/home/kate/Documents/Grado IE/Q4/Comparativa-BFS-DFS/app/build/generator/resources/graph_79.txt,0.006937845084278561,1294,11608,1.223,1.346,737
/home/kate/Documents/Grado IE/Q4/Comparativa-BFS-DFS/app/build/generator/resources/graph_406.txt,0.00796406126942797,1116,9910,1.056,1.15,962
/home/kate/Documents/Grado IE/Q4/Comparativa-BFS-DFS/app/build/generator/resources/graph_430.txt,0.006627894934783912,1355,12160,1.272,1.384,828
/home/kate/Documents/Grado IE/Q4/Comparativa-BFS-DFS/app/build/generator/resources/graph_433.txt,0.008057638032116617,1109,9901,1.054,1.143,843
/home/kate/Documents/Grado IE/Q4/Comparativa-BFS-DFS/app/build/generator/resources/graph_416.txt,0.008368607482458379,1074,9644,1.026,1.117,148
/home/kate/Documents/Grado IE/Q4/Comparativa-BFS-DFS/app/build/generator/resources/graph_202.txt,0.006538054968287526,1376,12370,1.297,1.418,360
/home/kate/Documents/Grado IE/Q4/Comparativa-BFS-DFS/app/build/generator/resources/graph_468.txt,0.006890069636374765,1304,11707,1.23,1.341,819
/home/kate/Documents/Grado IE/Q4/Comparativa-BFS-DFS/app/build/generator/resources/graph_108.txt,0.006158220640032582,1457,13064,1.383,1.489,100
/home/kate/Documents/Grado IE/Q4/Comparativa-BFS-DFS/app/build/generator/resources/graph_321.txt,0.007863309044411407,1144,10282,1.09,1.187,705
/home/kate/Documents/Grado IE/Q4/Comparativa-BFS-DFS/app/build/generator/resources/graph_227.txt,0.006455683763557091,1391,12482,1.316,1.423,571
/home/kate/Documents/Grado IE/Q4/Comparativa-BFS-DFS/app/build/generator/resources/graph_352.txt,0.007069204246867178,1269,11375,1.21,1.312,1120
/home/kate/Documents/Grado IE/Q4/Comparativa-BFS-DFS/app/build/generator/resources/graph_454.txt,0.006867054994205738,1303,11650,1.236,1.335,845
/home/kate/Documents/Grado IE/Q4/Comparativa-BFS-DFS/app/build/generator/resources/graph_73.txt,0.006758191695610772,1324,11838,1.247,1.359,835
/home/kate/Documents/Grado IE/Q4/Comparativa-BFS-DFS/app/build/generator/resources/graph_427.txt,0.00743516167433923,1206,10805,1.151,1.245,560
/home/kate/Documents/Grado IE/Q4/Comparativa-BFS-DFS/app/build/generator/resources/graph_7.txt,0.006679132302692355,1341,12002,1.264,1.382,539
/home/kate/Documents/Grado IE/Q4/Comparativa-BFS-DFS/app/build/generator/resources/graph_137.txt,0.006093810037537316,1472,13195,1.4,1.499,594
/home/kate/Documents/Grado IE/Q4/Comparativa-BFS-DFS/app/build/generator/resources/graph_346.txt,0.008272769708306501,1084,9712,1.029,1.113,983
/home/kate/Documents/Grado IE/Q4/Comparativa-BFS-DFS/app/build/generator/resources/graph_428.txt,0.008812006683182577,1021,9177,0.982,1.057,497
/home/kate/Documents/Grado IE/Q4/Comparativa-BFS-DFS/app/build/generator/resources/graph_217.txt,0.007730970006105361,1158,10358,1.102,1.191,432
/home/kate/Documents/Grado IE/Q4/Comparativa-BFS-DFS/app/build/generator/resources/graph_480.txt,0.006268347452506169,1433,12863,1.363,1.467,16
/home/kate/Documents/Grado IE/Q4/Comparativa-BFS-DFS/app/build/generator/resources/graph_106.txt,0.007145643485211831,1251,11174,1.195,1.291,1188
/home/kate/Documents/Grado IE/Q4/Comparativa-BFS-DFS/app/build/generator/resources/graph_452.txt,0.007712413625586944,1159,10351,1.101,1.185,453
/home/kate/Documents/Grado IE/Q4/Comparativa-BFS-DFS/app/build/generator/resources/graph_490.txt,0.006883332087857081,1299,11606,1.22,1.33,441
/home/kate/Documents/Grado IE/Q4/Comparativa-BFS-DFS/app/build/generator/resources/graph_294.txt,0.006112241547847151,1469,13181,1.396,1.506,1087
/home/kate/Documents/Grado IE/Q4/Comparativa-BFS-DFS/app/build/generator/resources/graph_11.txt,0.006258656131092094,1435,12879,1.348,1.459,316
/home/kate/Documents/Grado IE/Q4/Comparativa-BFS-DFS/app/build/generator/resources/graph_292.txt,0.008752000091107354,1027,9222,0.974,1.069,780
/home/kate/Documents/Grado IE/Q4/Comparativa-BFS-DFS/app/build/generator/resources/graph_169.txt,0.006063234402061884,1479,13254,1.392,1.505,958
/home/kate/Documents/Grado IE/Q4/Comparativa-BFS-DFS/app/build/generator/resources/graph_20.txt,0.0063346571432885855,1410,12585,1.336,1.431,288
/home/kate/Documents/Grado IE/Q4/Comparativa-BFS-DFS/app/build/generator/resources/graph_74.txt,0.007193730342335785,1241,11070,1.17,1.278,684
/home/kate/Documents/Grado IE/Q4/Comparativa-BFS-DFS/app/build/generator/resources/graph_115.txt,0.007385610778720081,1213,10858,1.152,1.247,659
/home/kate/Documents/Grado IE/Q4/Comparativa-BFS-DFS/app/build/generator/resources/graph_96.txt,0.006883993604547877,1300,11625,1.231,1.327,612
/home/kate/Documents/Grado IE/Q4/Comparativa-BFS-DFS/app/build/generator/resources/graph_424.txt,0.008419655843799218,1063,9505,1.014,1.094,218
/home/kate/Documents/Grado IE/Q4/Comparativa-BFS-DFS/app/build/generator/resources/graph_170.txt,0.006986371116805899,1288,11581,1.21,1.336,1074
/home/kate/Documents/Grado IE/Q4/Comparativa-BFS-DFS/app/build/generator/resources/graph_147.txt,0.007197795577941788,1243,11112,1.177,1.28,30
/home/kate/Documents/Grado IE/Q4/Comparativa-BFS-DFS/app/build/generator/resources/graph_309.txt,0.008704061895551257,1034,9297,0.994,1.074,200
/home/kate/Documents/Grado IE/Q4/Comparativa-BFS-DFS/app/build/generator/resources/graph_410.txt,0.007984220015202055,1129,10168,1.075,1.169,163
/home/kate/Documents/Grado IE/Q4/Comparativa-BFS-DFS/app/build/generator/resources/graph_131.txt,0.007162321261201901,1252,11218,1.176,1.282,58
/home/kate/Documents/Grado IE/Q4/Comparativa-BFS-DFS/app/build/generator/resources/graph_178.txt,0.00781798004945427,1142,10187,1.088,1.19,783
/home/kate/Documents/Grado IE/Q4/Comparativa-BFS-DFS/app/build/generator/resources/graph_419.txt,0.006719171977660237,1337,12002,1.262,1.378,585
/home/kate/Documents/Grado IE/Q4/Comparativa-BFS-DFS/app/build/generator/resources/graph_300.txt,0.0077142794042947905,1166,10479,1.118,1.2,421
/home/kate/Documents/Grado IE/Q4/Comparativa-BFS-DFS/app/build/generator/resources/graph_17.txt,0.0075832722358793,1180,10550,1.127,1.227,236
/home/kate/Documents/Grado IE/Q4/Comparativa-BFS-DFS/app/build/generator/resources/graph_322.txt,0.008793835532746824,1024,9212,0.975,1.066,300
/home/kate/Documents/Grado IE/Q4/Comparativa-BFS-DFS/app/build/generator/resources/graph_387.txt,0.00831702879895651,1080,9692,1.029,1.122,629
/home/kate/Documents/Grado IE/Q4/Comparativa-BFS-DFS/app/build/generator/resources/graph_49.txt,0.007232629367839247,1239,11094,1.203,1.289,992
/home/kate/Documents/Grado IE/Q4/Comparativa-BFS-DFS/app/build/generator/resources/graph_150.txt,0.007930173783088034,1131,10135,1.062,1.157,399
/home/kate/Documents/Grado IE/Q4/Comparativa-BFS-DFS/app/build/generator/resources/graph_401.txt,0.007060042271880362,1277,11504,1.222,1.314,624
/home/kate/Documents/Grado IE/Q4/Comparativa-BFS-DFS/app/build/generator/resources/graph_377.txt,0.006482022495356942,1385,12425,1.32,1.436,974
/home/kate/Documents/Grado IE/Q4/Comparativa-BFS-DFS/app/build/generator/resources/graph_35.txt,0.006219705248831462,1443,12942,1.353,1.475,1322
/home/kate/Documents/Grado IE/Q4/Comparativa-BFS-DFS/app/build/generator/resources/graph_116.txt,0.007011733996877439,1281,11497,1.211,1.316,1229
/home/kate/Documents/Grado IE/Q4/Comparativa-BFS-DFS/app/build/generator/resources/graph_384.txt,0.008528547576864469,1048,9358,0.992,1.078,588
/home/kate/Documents/Grado IE/Q4/Comparativa-BFS-DFS/app/build/generator/resources/graph_112.txt,0.006468095815695885,1393,12542,1.318,1.43,991
/home/kate/Documents/Grado IE/Q4/Comparativa-BFS-DFS/app/build/generator/resources/graph_303.txt,0.006876039138998279,1307,11737,1.234,1.352,1278
/home/kate/Documents/Grado IE/Q4/Comparativa-BFS-DFS/app/build/generator/resources/graph_414.txt,0.0064653757794552015,1386,12411,1.317,1.414,1197
/home/kate/Documents/Grado IE/Q4/Comparativa-BFS-DFS/app/build/generator/resources/graph_251.txt,0.006160549072920207,1456,13051,1.375,1.487,908
/home/kate/Documents/Grado IE/Q4/Comparativa-BFS-DFS/app/build/generator/resources/graph_373.txt,0.006494004975279211,1389,12520,1.317,1.438,241
/home/kate/Documents/Grado IE/Q4/Comparativa-BFS-DFS/app/build/generator/resources/graph_121.txt,0.0072295530210335435,1244,11179,1.167,1.278,264
/home/kate/Documents/Grado IE/Q4/Comparativa-BFS-DFS/app/build/generator/resources/graph_138.txt,0.005995524649655341,1498,13445,1.412,1.526,1491
/home/kate/Documents/Grado IE/Q4/Comparativa-BFS-DFS/app/build/generator/resources/graph_302.txt,0.0059875472537247055,1500,13463,1.412,1.521,760
/home/kate/Documents/Grado IE/Q4/Comparativa-BFS-DFS/app/build/generator/resources/graph_216.txt,0.008440029550733188,1063,9528,1.019,1.124,85
/home/kate/Documents/Grado IE/Q4/Comparativa-BFS-DFS/app/build/generator/resources/graph_232.txt,0.005990109634610914,1496,13397,1.404,1.531,93
/home/kate/Documents/Grado IE/Q4/Comparativa-BFS-DFS/app/build/generator/resources/graph_388.txt,0.006923549736532735,1295,11602,1.231,1.335,1018
/home/kate/Documents/Grado IE/Q4/Comparativa-BFS-DFS/app/build/generator/resources/graph_282.txt,0.00790779921821679,1136,10196,1.078,1.177,385
/home/kate/Documents/Grado IE/Q4/Comparativa-BFS-DFS/app/build/generator/resources/graph_262.txt,0.007546112793641299,1194,10749,1.134,1.218,997
/home/kate/Documents/Grado IE/Q4/Comparativa-BFS-DFS/app/build/generator/resources/graph_111.txt,0.006535843471493005,1372,12294,1.288,1.399,1043
/home/kate/Documents/Grado IE/Q4/Comparativa-BFS-DFS/app/build/generator/resources/graph_158.txt,0.006701765009307228,1336,11953,1.264,1.361,1299
/home/kate/Documents/Grado IE/Q4/Comparativa-BFS-DFS/app/build/generator/resources/graph_215.txt,0.0076864373015222,1169,10495,1.111,1.201,1110
/home/kate/Documents/Grado IE/Q4/Comparativa-BFS-DFS/app/build/generator/resources/graph_243.txt,0.006687993936218831,1340,12000,1.269,1.377,617
/home/kate/Documents/Grado IE/Q4/Comparativa-BFS-DFS/app/build/generator/resources/graph_319.txt,0.008058867572115191,1115,10010,1.067,1.16,598
/home/kate/Documents/Grado IE/Q4/Comparativa-BFS-DFS/app/build/generator/resources/graph_95.txt,0.006530677636855957,1378,12392,1.31,1.403,1367
/home/kate/Documents/Grado IE/Q4/Comparativa-BFS-DFS/app/build/generator/resources/graph_426.txt,0.006573128153478988,1358,12113,1.282,1.38,176
/home/kate/Documents/Grado IE/Q4/Comparativa-BFS-DFS/app/build/generator/resources/graph_437.txt,0.00889529632044602,1002,8922,0.953,1.039,221
/home/kate/Documents/Grado IE/Q4/Comparativa-BFS-DFS/app/build/generator/resources/graph_324.txt,0.006186039046863789,1456,13105,1.376,1.473,1268
/home/kate/Documents/Grado IE/Q4/Comparativa-BFS-DFS/app/build/generator/resources/graph_82.txt,0.007776479575787534,1156,10383,1.101,1.196,364
/home/kate/Documents/Grado IE/Q4/Comparativa-BFS-DFS/app/build/generator/resources/graph_218.txt,0.0075705151073611945,1182,10568,1.115,1.21,662
/home/kate/Documents/Grado IE/Q4/Comparativa-BFS-DFS/app/build/generator/resources/graph_353.txt,0.008098227456053946,1107,9915,1.057,1.137,803
/home/kate/Documents/Grado IE/Q4/Comparativa-BFS-DFS/app/build/generator/resources/graph_99.txt,0.008037774632046385,1113,9948,1.065,1.163,69
/home/kate/Documents/Grado IE/Q4/Comparativa-BFS-DFS/app/build/generator/resources/graph_77.txt,0.007713491296652514,1164,10442,1.101,1.196,997
/home/kate/Documents/Grado IE/Q4/Comparativa-BFS-DFS/app/build/generator/resources/graph_132.txt,0.006285679881876396,1424,12737,1.341,1.468,243
/home/kate/Documents/Grado IE/Q4/Comparativa-BFS-DFS/app/build/generator/resources/graph_254.txt,0.00818760555630139,1099,9880,1.05,1.143,613
/home/kate/Documents/Grado IE/Q4/Comparativa-BFS-DFS/app/build/generator/resources/graph_214.txt,0.00622167343871891,1446,13000,1.356,1.477,485
/home/kate/Documents/Grado IE/Q4/Comparativa-BFS-DFS/app/build/generator/resources/graph_463.txt,0.008684439211728758,1035,9294,0.983,1.065,828
/home/kate/Documents/Grado IE/Q4/Comparativa-BFS-DFS/app/build/generator/resources/graph_448.txt,0.006870107890839856,1305,11691,1.229,1.339,418
/home/kate/Documents/Grado IE/Q4/Comparativa-BFS-DFS/app/build/generator/resources/graph_488.txt,0.007826600346285385,1144,10234,1.077,1.182,29
/home/kate/Documents/Grado IE/Q4/Comparativa-BFS-DFS/app/build/generator/resources/graph_16.txt,0.006997830224129363,1285,11546,1.22,1.32,792
/home/kate/Documents/Grado IE/Q4/Comparativa-BFS-DFS/app/build/generator/resources/graph_307.txt,0.006346904026162398,1414,12681,1.335,1.443,817
/home/kate/Documents/Grado IE/Q4/Comparativa-BFS-DFS/app/build/generator/resources/graph_181.txt,0.006222530650011566,1441,12912,1.358,1.456,743
/home/kate/Documents/Grado IE/Q4/Comparativa-BFS-DFS/app/build/generator/resources/graph_185.txt,0.008725558038668497,1029,9230,0.978,1.062,490
/home/kate/Documents/Grado IE/Q4/Comparativa-BFS-DFS/app/build/generator/resources/graph_266.txt,0.008277657861376641,1081,9664,1.028,1.114,901
/home/kate/Documents/Grado IE/Q4/Comparativa-BFS-DFS/app/build/generator/resources/graph_129.txt,0.007227472727746101,1240,11104,1.182,1.263,867
/home/kate/Documents/Grado IE/Q4/Comparativa-BFS-DFS/app/build/generator/resources/graph_63.txt,0.006633844579435574,1353,12135,1.295,1.392,1202
/home/kate/Documents/Grado IE/Q4/Comparativa-BFS-DFS/app/build/generator/resources/graph_415.txt,0.006755337247352785,1324,11833,1.246,1.352,660
/home/kate/Documents/Grado IE/Q4/Comparativa-BFS-DFS/app/build/generator/resources/graph_458.txt,0.005993269962384662,1497,13422,1.423,1.541,456
/home/kate/Documents/Grado IE/Q4/Comparativa-BFS-DFS/app/build/generator/resources/graph_153.txt,0.008565002150819864,1048,9398,0.991,1.075,1017
/home/kate/Documents/Grado IE/Q4/Comparativa-BFS-DFS/app/build/generator/resources/graph_459.txt,0.006910479981111073,1289,11473,1.204,1.325,714
/home/kate/Documents/Grado IE/Q4/Comparativa-BFS-DFS/app/build/generator/resources/graph_12.txt,0.007539652199029827,1189,10650,1.131,1.226,1115
/home/kate/Documents/Grado IE/Q4/Comparativa-BFS-DFS/app/build/generator/resources/graph_398.txt,0.006435710579157548,1397,12551,1.328,1.445,656
/home/kate/Documents/Grado IE/Q4/Comparativa-BFS-DFS/app/build/generator/resources/graph_379.txt,0.007076661868929806,1269,11387,1.199,1.314,1020
/home/kate/Documents/Grado IE/Q4/Comparativa-BFS-DFS/app/build/generator/resources/graph_391.txt,0.006629504323779642,1354,12145,1.279,1.397,71
/home/kate/Documents/Grado IE/Q4/Comparativa-BFS-DFS/app/build/generator/resources/graph_179.txt,0.006831849640006698,1312,11751,1.245,1.333,825
/home/kate/Documents/Grado IE/Q4/Comparativa-BFS-DFS/app/build/generator/resources/graph_1.txt,0.006926489204144059,1294,11589,1.225,1.328,1243
/home/kate/Documents/Grado IE/Q4/Comparativa-BFS-DFS/app/build/generator/resources/graph_354.txt,0.007533458597973638,1193,10713,1.136,1.232,217
/home/kate/Documents/Grado IE/Q4/Comparativa-BFS-DFS/app/build/generator/resources/graph_240.txt,0.007713803341677825,1158,10335,1.103,1.182,323
/home/kate/Documents/Grado IE/Q4/Comparativa-BFS-DFS/app/build/generator/resources/graph_148.txt,0.006413613909685635,1396,12490,1.331,1.428,970
/home/kate/Documents/Grado IE/Q4/Comparativa-BFS-DFS/app/build/generator/resources/graph_258.txt,0.006639800422183842,1351,12110,1.284,1.391,981
/home/kate/Documents/Grado IE/Q4/Comparativa-BFS-DFS/app/build/generator/resources/graph_18.txt,0.006576725052336252,1364,12227,1.293,1.392,386
/home/kate/Documents/Grado IE/Q4/Comparativa-BFS-DFS/app/build/generator/resources/graph_447.txt,0.008909798409147893,1007,9026,0.961,1.05,1005
/home/kate/Documents/Grado IE/Q4/Comparativa-BFS-DFS/app/build/generator/resources/graph_248.txt,0.006604794169561009,1352,12064,1.268,1.385,878
/home/kate/Documents/Grado IE/Q4/Comparativa-BFS-DFS/app/build/generator/resources/graph_175.txt,0.008442095983486712,1057,9423,1.009,1.087,392
/home/kate/Documents/Grado IE/Q4/Comparativa-BFS-DFS/app/build/generator/resources/graph_163.txt,0.006323679202823596,1424,12814,1.35,1.456,593
/home/kate/Documents/Grado IE/Q4/Comparativa-BFS-DFS/app/build/generator/resources/graph_381.txt,0.0062770679285724775,1430,12827,1.349,1.464,1062
/home/kate/Documents/Grado IE/Q4/Comparativa-BFS-DFS/app/build/generator/resources/graph_93.txt,0.006446924812216466,1392,12483,1.315,1.429,905
/home/kate/Documents/Grado IE/Q4/Comparativa-BFS-DFS/app/build/generator/resources/graph_277.txt,0.007934954043617774,1135,10213,1.08,1.17,925
/home/kate/Documents/Grado IE/Q4/Comparativa-BFS-DFS/app/build/generator/resources/graph_470.txt,0.0074782832219903155,1197,10706,1.146,1.234,134
/home/kate/Documents/Grado IE/Q4/Comparativa-BFS-DFS/app/build/generator/resources/graph_141.txt,0.0077025448697632375,1168,10499,1.108,1.21,916
/home/kate/Documents/Grado IE/Q4/Comparativa-BFS-DFS/app/build/generator/resources/graph_208.txt,0.006092516465827396,1478,13300,1.386,1.514,779
/home/kate/Documents/Grado IE/Q4/Comparativa-BFS-DFS/app/build/generator/resources/graph_478.txt,0.006556579319820493,1374,12369,1.293,1.418,1045
/home/kate/Documents/Grado IE/Q4/Comparativa-BFS-DFS/app/build/generator/resources/graph_194.txt,0.00767360156958689,1164,10388,1.105,1.201,821
/home/kate/Documents/Grado IE/Q4/Comparativa-BFS-DFS/app/build/generator/resources/graph_188.txt,0.006354831089062131,1411,12643,1.323,1.432,94
/home/kate/Documents/Grado IE/Q4/Comparativa-BFS-DFS/app/build/generator/resources/graph_370.txt,0.006156990422776207,1451,12954,1.36,1.476,790
/home/kate/Documents/Grado IE/Q4/Comparativa-BFS-DFS/app/build/generator/resources/graph_167.txt,0.007376596078645475,1211,10809,1.148,1.242,821
/home/kate/Documents/Grado IE/Q4/Comparativa-BFS-DFS/app/build/generator/resources/graph_295.txt,0.008026156492927233,1121,10077,1.069,1.16,268
/home/kate/Documents/Grado IE/Q4/Comparativa-BFS-DFS/app/build/generator/resources/graph_229.txt,0.007395234182415777,1218,10962,1.162,1.247,588
/home/kate/Documents/Grado IE/Q4/Comparativa-BFS-DFS/app/build/generator/resources/graph_3.txt,0.00875,1025,9184,0.979,1.069,76
/home/kate/Documents/Grado IE/Q4/Comparativa-BFS-DFS/app/build/generator/resources/graph_193.txt,0.008488618411604193,1056,9457,1.011,1.093,604
/home/kate/Documents/Grado IE/Q4/Comparativa-BFS-DFS/app/build/generator/resources/graph_493.txt,0.008695488403190418,1031,9234,0.973,1.056,624
/home/kate/Documents/Grado IE/Q4/Comparativa-BFS-DFS/app/build/generator/resources/graph_39.txt,0.008013320096367668,1119,10025,1.063,1.15,116
/home/kate/Documents/Grado IE/Q4/Comparativa-BFS-DFS/app/build/generator/resources/graph_438.txt,0.008582948566717518,1043,9328,0.992,1.077,880
/home/kate/Documents/Grado IE/Q4/Comparativa-BFS-DFS/app/build/generator/resources/graph_356.txt,0.0062432068044711445,1438,12901,1.364,1.47,208
/home/kate/Documents/Grado IE/Q4/Comparativa-BFS-DFS/app/build/generator/resources/graph_252.txt,0.006535401624785867,1380,12437,1.299,1.41,171
/home/kate/Documents/Grado IE/Q4/Comparativa-BFS-DFS/app/build/generator/resources/graph_347.txt,0.007703757073328382,1162,10393,1.096,1.2,568
/home/kate/Documents/Grado IE/Q4/Comparativa-BFS-DFS/app/build/generator/resources/graph_484.txt,0.0060901749353583865,1474,13223,1.38,1.502,252
/home/kate/Documents/Grado IE/Q4/Comparativa-BFS-DFS/app/build/generator/resources/graph_323.txt,0.007978367528991972,1121,10017,1.062,1.156,271
/home/kate/Documents/Grado IE/Q4/Comparativa-BFS-DFS/app/build/generator/resources/graph_363.txt,0.0074168255986437805,1210,10850,1.154,1.239,396
/home/kate/Documents/Grado IE/Q4/Comparativa-BFS-DFS/app/build/generator/resources/graph_130.txt,0.008768689026150205,1020,9114,0.984,1.066,571
/home/kate/Documents/Grado IE/Q4/Comparativa-BFS-DFS/app/build/generator/resources/graph_15.txt,0.006582198565348485,1356,12094,1.278,1.377,1161
/home/kate/Documents/Grado IE/Q4/Comparativa-BFS-DFS/app/build/generator/resources/graph_247.txt,0.00725457798178403,1234,11038,1.169,1.272,730
/home/kate/Documents/Grado IE/Q4/Comparativa-BFS-DFS/app/build/generator/resources/graph_279.txt,0.008304866641516065,1078,9642,1.03,1.124,894
/home/kate/Documents/Grado IE/Q4/Comparativa-BFS-DFS/app/build/generator/resources/graph_371.txt,0.008208326029066806,1095,9833,1.047,1.145,854
/home/kate/Documents/Grado IE/Q4/Comparativa-BFS-DFS/app/build/generator/resources/graph_326.txt,0.007831188933551139,1144,10240,1.084,1.197,368
/home/kate/Documents/Grado IE/Q4/Comparativa-BFS-DFS/app/build/generator/resources/graph_368.txt,0.006137759215705968,1467,13200,1.387,1.513,286
/home/kate/Documents/Grado IE/Q4/Comparativa-BFS-DFS/app/build/generator/resources/graph_114.txt,0.00602697598842588,1484,13264,1.394,1.505,1459
/home/kate/Documents/Grado IE/Q4/Comparativa-BFS-DFS/app/build/generator/resources/graph_340.txt,0.008694665195824609,1033,9269,0.983,1.072,800
/home/kate/Documents/Grado IE/Q4/Comparativa-BFS-DFS/app/build/generator/resources/graph_221.txt,0.006091576018214015,1475,13244,1.383,1.506,1222
/home/kate/Documents/Grado IE/Q4/Comparativa-BFS-DFS/app/build/generator/resources/graph_107.txt,0.008888954828244464,1006,8987,0.949,1.04,756
/home/kate/Documents/Grado IE/Q4/Comparativa-BFS-DFS/app/build/generator/resources/graph_88.txt,0.00652064227930621,1377,12355,1.282,1.404,1044
/home/kate/Documents/Grado IE/Q4/Comparativa-BFS-DFS/app/build/generator/resources/graph_13.txt,0.007151648184332733,1256,11273,1.187,1.291,405
/home/kate/Documents/Grado IE/Q4/Comparativa-BFS-DFS/app/build/generator/resources/graph_2.txt,0.008269362472018073,1084,9708,1.033,1.115,481
/home/kate/Documents/Grado IE/Q4/Comparativa-BFS-DFS/app/build/generator/resources/graph_440.txt,0.008667462122064882,1033,9240,0.988,1.066,285
/home/kate/Documents/Grado IE/Q4/Comparativa-BFS-DFS/app/build/generator/resources/graph_226.txt,0.008881453061064283,1010,9051,0.966,1.049,911
/home/kate/Documents/Grado IE/Q4/Comparativa-BFS-DFS/app/build/generator/resources/graph_341.txt,0.007770266193648036,1152,10303,1.082,1.176,129
/home/kate/Documents/Grado IE/Q4/Comparativa-BFS-DFS/app/build/generator/resources/graph_325.txt,0.00769856835981801,1162,10386,1.099,1.189,655
/home/kate/Documents/Grado IE/Q4/Comparativa-BFS-DFS/app/build/generator/resources/graph_212.txt,0.006792445109746408,1327,11952,1.255,1.355,1039
/home/kate/Documents/Grado IE/Q4/Comparativa-BFS-DFS/app/build/generator/resources/graph_466.txt,0.007592070092070092,1184,10634,1.129,1.226,971
/home/kate/Documents/Grado IE/Q4/Comparativa-BFS-DFS/app/build/generator/resources/graph_462.txt,0.006006998200103211,1492,13363,1.406,1.523,365
/home/kate/Documents/Grado IE/Q4/Comparativa-BFS-DFS/app/build/generator/resources/graph_497.txt,0.007250231764894562,1239,11121,1.17,1.265,980
/home/kate/Documents/Grado IE/Q4/Comparativa-BFS-DFS/app/build/generator/resources/graph_210.txt,0.006811210889628958,1317,11805,1.251,1.338,142
/home/kate/Documents/Grado IE/Q4/Comparativa-BFS-DFS/app/build/generator/resources/graph_33.txt,0.007877751735481591,1139,10211,1.085,1.172,471
/home/kate/Documents/Grado IE/Q4/Comparativa-BFS-DFS/app/build/generator/resources/graph_81.txt,0.008728274217947769,1027,9197,0.972,1.062,916
/home/kate/Documents/Grado IE/Q4/Comparativa-BFS-DFS/app/build/generator/resources/graph_190.txt,0.008427539666057852,1062,9496,1.017,1.092,953
/home/kate/Documents/Grado IE/Q4/Comparativa-BFS-DFS/app/build/generator/resources/graph_386.txt,0.006551628481857977,1367,12234,1.302,1.403,449
/home/kate/Documents/Grado IE/Q4/Comparativa-BFS-DFS/app/build/generator/resources/graph_52.txt,0.008729339428934443,1029,9234,0.983,1.07,1000
/home/kate/Documents/Grado IE/Q4/Comparativa-BFS-DFS/app/build/generator/resources/graph_32.txt,0.006232680989962543,1443,12969,1.354,1.471,1367
/home/kate/Documents/Grado IE/Q4/Comparativa-BFS-DFS/app/build/generator/resources/graph_485.txt,0.008841828442307359,1019,9172,0.979,1.05,508
/home/kate/Documents/Grado IE/Q4/Comparativa-BFS-DFS/app/build/generator/resources/graph_176.txt,0.007450176555284003,1203,10773,1.137,1.227,71
/home/kate/Documents/Grado IE/Q4/Comparativa-BFS-DFS/app/build/generator/resources/graph_423.txt,0.006003440542011065,1493,13373,1.392,1.503,167
/home/kate/Documents/Grado IE/Q4/Comparativa-BFS-DFS/app/build/generator/resources/graph_283.txt,0.008828772826966608,1012,9033,0.963,1.036,992
/home/kate/Documents/Grado IE/Q4/Comparativa-BFS-DFS/app/build/generator/resources/graph_54.txt,0.00600400266844563,1499,13482,1.41,1.545,1346
/home/kate/Documents/Grado IE/Q4/Comparativa-BFS-DFS/app/build/generator/resources/graph_128.txt,0.008155210517838848,1098,9823,1.043,1.153,346
/home/kate/Documents/Grado IE/Q4/Comparativa-BFS-DFS/app/build/generator/resources/graph_69.txt,0.007346938775510204,1225,11016,1.169,1.253,1015
/home/kate/Documents/Grado IE/Q4/Comparativa-BFS-DFS/app/build/generator/resources/graph_187.txt,0.006254702600708753,1433,12835,1.351,1.466,71
/home/kate/Documents/Grado IE/Q4/Comparativa-BFS-DFS/app/build/generator/resources/graph_165.txt,0.007366853349478874,1217,10902,1.156,1.244,1199
/home/kate/Documents/Grado IE/Q4/Comparativa-BFS-DFS/app/build/generator/resources/graph_29.txt,0.00645620096302541,1391,12483,1.309,1.586,514
/home/kate/Documents/Grado IE/Q4/Comparativa-BFS-DFS/app/build/generator/resources/graph_364.txt,0.006533156333170534,1364,12146,1.292,1.386,596
/home/kate/Documents/Grado IE/Q4/Comparativa-BFS-DFS/app/build/generator/resources/graph_327.txt,0.0077912740757558555,1150,10295,1.09,1.185,105
/home/kate/Documents/Grado IE/Q4/Comparativa-BFS-DFS/app/build/generator/resources/graph_46.txt,0.0060195014334510424,1489,13337,1.401,1.516,1303
/home/kate/Documents/Grado IE/Q4/Comparativa-BFS-DFS/app/build/generator/resources/graph_306.txt,0.00610119927289924,1472,13211,1.395,1.505,104
/home/kate/Documents/Grado IE/Q4/Comparativa-BFS-DFS/app/build/generator/resources/graph_242.txt,0.007675914045101249,1165,10409,1.104,1.271,882
/home/kate/Documents/Grado IE/Q4/Comparativa-BFS-DFS/app/build/generator/resources/graph_151.txt,0.006715861408839472,1341,12068,1.267,1.368,134
/home/kate/Documents/Grado IE/Q4/Comparativa-BFS-DFS/app/build/generator/resources/graph_166.txt,0.006133399682649966,1460,13065,1.389,1.494,207
/home/kate/Documents/Grado IE/Q4/Comparativa-BFS-DFS/app/build/generator/resources/graph_496.txt,0.0073763446953597975,1218,10934,1.145,1.244,1055
/home/kate/Documents/Grado IE/Q4/Comparativa-BFS-DFS/app/build/generator/resources/graph_224.txt,0.008093046631715874,1104,9855,1.062,1.141,466
/home/kate/Documents/Grado IE/Q4/Comparativa-BFS-DFS/app/build/generator/resources/graph_53.txt,0.008461168421615265,1060,9498,1.008,1.1,964
/home/kate/Documents/Grado IE/Q4/Comparativa-BFS-DFS/app/build/generator/resources/graph_160.txt,0.008182367099257197,1094,9784,1.042,1.131,347
/home/kate/Documents/Grado IE/Q4/Comparativa-BFS-DFS/app/build/generator/resources/graph_344.txt,0.0085419963954733,1046,9337,0.994,1.088,538
/home/kate/Documents/Grado IE/Q4/Comparativa-BFS-DFS/app/build/generator/resources/graph_404.txt,0.007794063274556434,1147,10245,1.082,1.179,134
/home/kate/Documents/Grado IE/Q4/Comparativa-BFS-DFS/app/build/generator/resources/graph_443.txt,0.006874268571322423,1313,11842,1.249,1.365,310
/home/kate/Documents/Grado IE/Q4/Comparativa-BFS-DFS/app/build/generator/resources/graph_134.txt,0.006936115632466185,1297,11659,1.241,1.341,1095
/home/kate/Documents/Grado IE/Q4/Comparativa-BFS-DFS/app/build/generator/resources/graph_78.txt,0.008766011603680825,1022,9147,0.977,1.068,453
/home/kate/Documents/Grado IE/Q4/Comparativa-BFS-DFS/app/build/generator/resources/graph_87.txt,0.006733066650422022,1332,11937,1.267,1.357,420
/home/kate/Documents/Grado IE/Q4/Comparativa-BFS-DFS/app/build/generator/resources/graph_400.txt,0.007071745850808775,1271,11415,1.201,1.306,969
/home/kate/Documents/Grado IE/Q4/Comparativa-BFS-DFS/app/build/generator/resources/graph_332.txt,0.006763381405688879,1325,11865,1.26,1.36,609
/home/kate/Documents/Grado IE/Q4/Comparativa-BFS-DFS/app/build/generator/resources/graph_195.txt,0.006732602211307722,1336,12008,1.267,1.367,484
/home/kate/Documents/Grado IE/Q4/Comparativa-BFS-DFS/app/build/generator/resources/graph_104.txt,0.007211990745606693,1242,11116,1.168,1.27,100
/home/kate/Documents/Grado IE/Q4/Comparativa-BFS-DFS/app/build/generator/resources/graph_298.txt,0.0060473945380074496,1483,13291,1.4,1.511,143
/home/kate/Documents/Grado IE/Q4/Comparativa-BFS-DFS/app/build/generator/resources/graph_420.txt,0.006217844716602775,1446,12992,1.361,1.481,1134
/home/kate/Documents/Grado IE/Q4/Comparativa-BFS-DFS/app/build/generator/resources/graph_334.txt,0.0068819038393594595,1308,11765,1.236,1.355,1231
/home/kate/Documents/Grado IE/Q4/Comparativa-BFS-DFS/app/build/generator/resources/graph_157.txt,0.007168614891913531,1250,11192,1.178,1.279,894
/home/kate/Documents/Grado IE/Q4/Comparativa-BFS-DFS/app/build/generator/resources/graph_118.txt,0.006780135568145288,1318,11769,1.26,1.363,1016
/home/kate/Documents/Grado IE/Q4/Comparativa-BFS-DFS/app/build/generator/resources/graph_271.txt,0.0067281168001076495,1336,12000,1.261,1.366,508
/home/kate/Documents/Grado IE/Q4/Comparativa-BFS-DFS/app/build/generator/resources/graph_58.txt,0.006708446445919321,1328,11822,1.253,1.356,636
/home/kate/Documents/Grado IE/Q4/Comparativa-BFS-DFS/app/build/generator/resources/graph_51.txt,0.006067321848863448,1478,13245,1.399,1.502,1354
/home/kate/Documents/Grado IE/Q4/Comparativa-BFS-DFS/app/build/generator/resources/graph_67.txt,0.00890071554577709,1005,8981,0.962,1.034,24
/home/kate/Documents/Grado IE/Q4/Comparativa-BFS-DFS/app/build/generator/resources/graph_444.txt,0.006060979843941304,1480,13267,1.399,1.514,891
/home/kate/Documents/Grado IE/Q4/Comparativa-BFS-DFS/app/build/generator/resources/graph_273.txt,0.00853911162441108,1045,9316,0.997,1.083,228
/home/kate/Documents/Grado IE/Q4/Comparativa-BFS-DFS/app/build/generator/resources/graph_189.txt,0.00732334420859011,1221,10909,1.153,1.249,367
/home/kate/Documents/Grado IE/Q4/Comparativa-BFS-DFS/app/build/generator/resources/graph_311.txt,0.00832367943286937,1076,9628,1.019,1.104,1037
/home/kate/Documents/Grado IE/Q4/Comparativa-BFS-DFS/app/build/generator/resources/graph_174.txt,0.008194653503645339,1091,9745,1.033,1.121,763
/home/kate/Documents/Grado IE/Q4/Comparativa-BFS-DFS/app/build/generator/resources/graph_335.txt,0.006430559406804901,1396,12523,1.317,1.417,845
/home/kate/Documents/Grado IE/Q4/Comparativa-BFS-DFS/app/build/generator/resources/graph_223.txt,0.008763136558878042,1022,9144,0.972,1.06,965
/home/kate/Documents/Grado IE/Q4/Comparativa-BFS-DFS/app/build/generator/resources/graph_120.txt,0.006034775752137798,1486,13317,1.404,1.535,1042
/home/kate/Documents/Grado IE/Q4/Comparativa-BFS-DFS/app/build/generator/resources/graph_101.txt,0.00895095095095095,1000,8942,0.947,1.039,432
/home/kate/Documents/Grado IE/Q4/Comparativa-BFS-DFS/app/build/generator/resources/graph_349.txt,0.006038007574220356,1493,13450,1.412,1.521,946
/home/kate/Documents/Grado IE/Q4/Comparativa-BFS-DFS/app/build/generator/resources/graph_299.txt,0.008161022028947968,1098,9830,1.046,1.143,230
/home/kate/Documents/Grado IE/Q4/Comparativa-BFS-DFS/app/build/generator/resources/graph_70.txt,0.00604102454902753,1483,13277,1.378,1.498,1069
/home/kate/Documents/Grado IE/Q4/Comparativa-BFS-DFS/app/build/generator/resources/graph_50.txt,0.006501245388908157,1380,12372,1.297,1.413,923
/home/kate/Documents/Grado IE/Q4/Comparativa-BFS-DFS/app/build/generator/resources/graph_411.txt,0.00811610597416224,1105,9901,1.062,1.132,752
/home/kate/Documents/Grado IE/Q4/Comparativa-BFS-DFS/app/build/generator/resources/graph_26.txt,0.00668692332520841,1341,12016,1.277,1.369,647
/home/kate/Documents/Grado IE/Q4/Comparativa-BFS-DFS/app/build/generator/resources/graph_103.txt,0.008248805689679008,1083,9666,1.024,1.108,952
/home/kate/Documents/Grado IE/Q4/Comparativa-BFS-DFS/app/build/generator/resources/graph_61.txt,0.008754763719512195,1025,9189,0.979,1.061,186
/home/kate/Documents/Grado IE/Q4/Comparativa-BFS-DFS/app/build/generator/resources/graph_253.txt,0.008066113307195016,1115,10019,1.062,1.145,945
/home/kate/Documents/Grado IE/Q4/Comparativa-BFS-DFS/app/build/generator/resources/graph_362.txt,0.007777916399235811,1154,10349,1.094,1.194,455
